sku,nombre,unidad_medida,precio,descripcion,imagen_url,stock_actual
30493,Servilleta Plus Blanca 100 Hojas – Tork,100 HOJAS,3.20,"Su empaque y dispensador mantienen las servilletas cubiertas y gracias al sistema de dispensado una a una, el usuario solo tiene contacto con la servilleta que va a usar, conservando la higiene. Menor consumo de servilletas, gracias a su sistema de dispensado y a la calidad del producto que brinda excelente absorción y resistencia. Ideal para restaurantes con servicio a la mesa que buscan brindar bienestar a sus usuarios ofreciendo las servilletas en cada mesa. Sus dispensadores de colores Plus 100 brindan estilo, ayudando a exaltar la buena imagen del lugar.",https://daryza.com/wp-content/uploads/2024/06/30493.jpg,1119
33104,Lejía 5% Daryza x 3.8 L,3.8 L,11.50,"Lejía Daryza Biodegradable con una concentración de hipoclorito al 5%. Por su alta concentración y gran estabilidad, garantiza una superior efectividad en la desinfección de superficies. Producto de naturaleza germicida de amplio espectro, elimina el 99.9% de gérmenes y bacterias: Escherichia coli, Staphylococcus aureus,Pseudomonas aerugimosa, Salmonella S.P.",https://daryza.com/wp-content/uploads/2020/07/33104.jpg,418
30695,Lavavajilla Líquido Manzana Daryza x 3.8 L,3.8 L,29.90,"Modo de empleo Retirar residuos organicos en platos y menajes Aplicar una pequeña porción sobre una esponja doble uso Incorpore un poco de agua, genere espuma y lave.",https://daryza.com/wp-content/uploads/2021/04/30695-1.jpg,16
8435,Papel Toalla Scott Multihoja X 150 20GR / 30212073 KCP 30212073,20 G,6.90,S/ 6.90,https://daryza.com/wp-content/uploads/2022/07/30212073.jpg,102
10512,4×3 Lejía Biodegradable 5% x Galón Daryza,UND,34.50,"Lejía 5% Daryza Biodegradable con una concentración de hipoclorito al 5%. Por su alta concentración y gran estabilidad, garantiza una superior efectividad en la desinfección de superficies. Producto de naturaleza germicida de amplio espectro, elimina el 99.9% de gérmenes y bacterias: Escherichia coli, Staphylococcus aureus,Pseudomonas aerugimosa, Salmonella S.P.",https://daryza.com/wp-content/uploads/2024/09/920098.png,4234
31984,Jabón Líquido de Manos Caricias Frutales Daryza x 3.8 L,3.8 L,24.90,"INSTRUCCIONES DE USO Verter el producto en un dispensador, humedezca las manos, aplique una dosis del dispensador. Frote las manos mínimo 20 segundos, haciendo movimientos circulares, cubriendo toda la superficie de las manos. Enjuague con agua limpia, séquelas con una toalla.",https://daryza.com/wp-content/uploads/2022/06/31984.jpg,496
33195,Detergente Líquido Multisuperficies Daryza x 3.8 L,3.8 L,27.90,"Detergente líquido concentrado para ser usado en altas diluciones reduciendo notablemente los costos de limpieza. Posee gran capacidad de remoción de mugre y suciedad. La espuma controlada facilita el enjuague, ahorrando agua.",https://daryza.com/wp-content/uploads/2024/06/1125.jpg,40
8340,Repuesto Trapeador de microfibra con hojal verde 45×72,UND,5.70,"Trapero de Microfibra, que no raya las superficies. La microfibra atrapa las partículas de polvo y líquido en una sola pasada. Su uso en seco permite atrapar la suciedad por estática, evitando que el polvo se levante, disperse o arrastre. Fácil de lavar y secar. Super durable y resistente. Absorbe hasta 5 veces su peso.",https://daryza.com/wp-content/uploads/2021/06/8340.jpg,432
8228,Paño microfibra Azul 40×38,UND,2.80,"Gran poder de absorción, ideal para desempolvar, limpiar y sacar brillo a todo tipo de superficies sin dejar pelusas. No mancha ni raya.",https://daryza.com/wp-content/uploads/2021/05/8228.jpg,443
10500,3×2 Desinfectante Antibacterial Lavanda Daryza x Galón,UND,33.00,"Desinfectante concentrado biodegradable con aroma a lavanda. Limpia, desinfecta y perfuma en un solo paso. N° Autorización Sanitario : 7599-2021/DCEA/DIGESA/SA",https://daryza.com/wp-content/uploads/2022/09/10500.jpg,314
300,Desengrasante Forte Daryza x 3.8 L,3.8 L,29.90,"El Desengrasante Forte Daryza tiene una fórmula eficaz que corta y elimina la grasa en todo tipo de superficies lavables. Alto poder de remoción de todo tipo de suciedad, excelente formador de espuma.",https://daryza.com/wp-content/uploads/2023/08/300.jpg,84
31223,Limpiavidrios Antibacterial Brisa Daryza x 3.8 L,3.8 L,20.90,Producto de secado rápido. Evita el opacamiento de superficies y la formación de rayas. Básicos del Hogar,https://daryza.com/wp-content/uploads/2021/04/31223-2.jpg,6
33107,Removedor de Sarro Daryza x 3.8 L,3.8 L,32.90,"Líquido concentrado formulado en base a tensoactivos y ácidos orgánicos que remueve la suciedad, el sarro y el caliche además de las manchas de óxido.",https://daryza.com/wp-content/uploads/2024/06/329.jpg,31
33644,Limpia Inodoro Pino Daryza x 3.8 L,3.8 L,29.90,S/ 29.90,https://daryza.com/wp-content/uploads/2021/06/33644.jpg,51
2881,Servilleta Airflex 21 Gr x 200 hojas – KCP,21 G,7.50,Servilleta AIRFLEX* Económica le brinda la tecnología de gran absorción.,https://daryza.com/wp-content/uploads/2021/06/2881.jpg,239
33180,Desinfectante Antibacterial Lavanda Daryza x 3.8 L,3.8 L,16.50,"Facilita la limpieza de pisos, cerámicos y todas las superficies lavables, dejando un agradable y persistente fragancia. Elaborado con amonio cuaternario. Elimina gérmenes y bacterias: Escherichia coli, Pseudomonas aeruginosa, Staphylococcus aureus y Salmonella. El agente germicida presente brinda baja toxicidad y es eco amigable, convirtiéndolo en un producto de limpieza de manejo seguro. Mailing",https://daryza.com/wp-content/uploads/2021/04/33180.jpg,66
33646,Desinfectante Concentrado Pino Daryza x 3.8 L,3.8 L,16.50,"Formulado a base de tensoactivos biodegradables, humectantes, emulsificantes, aceite esencial de pino y agentes germicidas de bajo grado de toxicidad. Ideal para lugares del área industrial, doméstica, y de salud pública.",https://daryza.com/wp-content/uploads/2021/05/33646.jpg,311
30769,Lavavajilla Liquido Limón Daryza x 3.8 L,3.8 L,29.90,"Modo de empleo Retirar residuos organicos en platos y menajes Aplicar una pequeña porción sobre una esponja doble uso Incorpore un poco de agua, genere espuma y lave.",https://daryza.com/wp-content/uploads/2021/04/30769-1.jpg,122
30074,Pulverizador Natural completo 947 ML.,947 ML,7.00,"Frasco pulverizador para spray con gatillo. Nariz ajustable, rocía hasta 76.2 cm. Spray de 3 cc de alto volumen. Botella solida PEAD que soporta las caídas y golpes.",https://daryza.com/wp-content/uploads/2024/04/Pulverizador-Natura-Transparente.jpg,18
31784,Papel Toalla En Z Doble Hoja Blanco 150 HJS – 200246 – Tork,PAQ,6.70,Compatible con dispensador toalla de manos dobladas Familia 83051 – 83050,https://daryza.com/wp-content/uploads/2024/06/31784.jpg,1313
10503,3×2 Desinfectante Antibacterial Primavera Daryza x Galón,UND,33.00,"Desinfectante concentrado biodegradable con aroma a primavera. Limpia, desinfecta y perfuma en un solo paso. N° Autorización Sanitario : 7599-2021/DCEA/DIGESA/SA",https://daryza.com/wp-content/uploads/2022/09/10503.jpg,93
32498,Esponja Doble Uso P94 Antibacterial / 3M,UND,3.60,"1. Limpie los utensilios o superficies con la esponja “Scotch Brite Laminado Verde Uso General”, ya sea en húmedo o en seco, preferiblemente en combinación con un detergente o jabón desengrasante común (no es necesario que éste sea abrasivo, ya que el paño si lo es), para arrancar los residuos pegados y eliminar la grasa en un solo paso. 2. NUNCA use éste producto para limpiar utensilios con superficies antiadherentes como el Teflón o superficies vitrocerámicas, ya que las puede rayar. Evite su uso con utensilios cuya parte externa tenga recubrimiento de pintura acrílica plana o martillada, por la misma razón. Para éste caso, solo use nuestro producto “Scotch Brite Cero Rayas”. 3. Terminada la labor de limpieza enjuague y escurra la esponja, para mantenerla higiénicamente limpia hasta la s",https://daryza.com/wp-content/uploads/2024/11/19604.jpg,68
10507,Pack Lavavajilla Limón + Desengrasante Forte,UND,50.80,S/ 59.80 El precio original era: S/59.80. S/ 50.80 El precio actual es: S/50.80.,https://daryza.com/wp-content/uploads/2024/09/120113.png,72
6242,Paño Absorbente tradicional amarillo,UND,1.70,Limpian y secan sin dejar pelusas. Sirven para limpiar todas las superficies del hogar.,https://daryza.com/wp-content/uploads/2021/05/6242.jpg,388
10514,Lavavajilla Biodegradable Manzana Daryza X Galón + Guante Profesional C-35 Talla 7,UND,27.20,"Modo de empleo Retirar residuos organicos en platos y menajes Aplicar una pequeña porción sobre una esponja doble uso Incorpore un poco de agua, genere espuma y lave. CSX",https://daryza.com/wp-content/uploads/2024/09/920120.png,257
19610,Detergente Biodegradable Multiusos PQP Saco x 15Kg,15 KG,106.00,"Garantiza una excelente limpieza y eliminación de grasas. Efectivo en lavado de prendas y limpieza en general de cocinas, paredes, pisos y baños. Libre de fosfatos que propician la proliferación de algas en fuentes de agua. Aroma Floral.",https://daryza.com/wp-content/uploads/2022/05/19610.jpeg,
30636,Bolsas Para Basura Negras 35 Litros Paquete x 100 Unidades,35 L,17.90,S/ 17.90,https://daryza.com/wp-content/uploads/2024/10/30636-1.jpg,69
33183,Desinfectante Antibacterial Primavera Daryza x 3.8 L,3.8 L,16.50,"Facilita la limpieza de pisos, cerámicos y todas las superficies lavables, dejando un agradable y persistente fragancia. Elaborado con amonio cuaternario. Elimina gérmenes y bacterias: Escherichia coli, Pseudomonas aeruginosa, Staphylococcus aureus y Salmonella. El agente germicida presente brinda baja toxicidad y es eco amigable, convirtiéndolo en un producto de limpieza de manejo seguro. Mailing",https://daryza.com/wp-content/uploads/2024/06/29981.jpg,62
29983,Desatorador Extra Forte Daryza x 1 L,1 L,14.90,"Actúa de forma rápida. No deja residuos tóxicos. Elimina los malos olores por su naturaleza alcalina y remueve suciedades altamente difíciles. Fácilmente diluible en agua. Limpia, desengrasa y elimina restos de comida, papel, algodón, plásticos, grasa y cabellos.",https://daryza.com/wp-content/uploads/2021/04/29983.jpg,32
337,Brillo Madera Daryza x 270 ml,270 ML,9.90,"Su fórmula especialmente desarrollada para limpieza la segura, eliminando manchas y adherencias presentes en muebles de escritorio y todo tipo de superficie de madera tratada.",https://daryza.com/wp-content/uploads/2024/06/337.jpg,61
10502,3×2 Desinfectante Antibacterial Manzana Daryza x Galón,UND,33.00,"Facilita la limpieza de pisos, cerámicos y todas las superficies lavables, dejando un agradable y persistente fragancia. Elaborado con amonio cuaternario. Elimina gérmenes y bacterias: Escherichia coli, Pseudomonas aeruginosa, Staphylococcus aureus y Salmonella. El agente germicida presente brinda baja toxicidad y es eco amigable, convirtiéndolo en un producto de limpieza de manejo seguro.",https://daryza.com/wp-content/uploads/2024/09/3x2-Manzana.png,18
30313,Escoba Escobón Azul – Hude,UND,16.90,S/ 16.90,https://daryza.com/wp-content/uploads/2021/07/30313.jpg,43
30633,Bolsas Para Basura Negras 75 Litros Paquete x 10 Unidades,75 L,4.90,S/ 4.90,https://daryza.com/wp-content/uploads/2024/10/30633.jpg,1945
33079,Tapete Para Urinario Aroma Cherry / Daryza,UND,7.90,"Aroma de larga duración: Mantiene tus espacios frescos y agradables, proporcionando una fragancia duradera durante todo el día. Minimiza salpicaduras: Su diseño innovador minimiza las salpicaduras. Neutraliza malos olores: Fabricado con materiales de alta calidad que neutralizan olores de forma constante. Previene Atoros: Dificulta el paso de objetos no deseados, como colillas de cigarro y otros residuos, evitando atoro. Fácil instalación y mantenimiento: Ideal para entornos institucionales con alta demanda de uso.",https://daryza.com/wp-content/uploads/2024/11/33079-2.jpg,243
32325,Jabón Líquido Para Manos Antibacterial Neutro Daryza x 4 L,4 L,29.40,Lava tus manos con Jabón Líquido Antibacterial Daryza. Deja tu piel con una deliciosa sensación de suavidad mientras su placentera fragancia deleita tus sentidos. Uso frecuente. Modo de Empleo: Usar el producto puro. Aplique la cantidad suficiente del producto sobre sus manos. Frote la mano por 20 segundos. Enjuague con agua limpia. Seque con papel toalla o alguna toalla limpia.,https://daryza.com/wp-content/uploads/2024/06/32325.jpg,32
33181,Desinfectante Antibacterial Limon Daryza x 3.8 L,3.8 L,16.50,"Facilita la limpieza de pisos, cerámicos y todas las superficies lavables, dejando un agradable y persistente fragancia. Elaborado con amonio cuaternario. Elimina gérmenes y bacterias: Escherichia coli, Pseudomonas aeruginosa, Staphylococcus aureus y Salmonella. El agente germicida presente brinda baja toxicidad y es eco amigable, convirtiéndolo en un producto de limpieza de manejo seguro. Mailing",https://daryza.com/wp-content/uploads/2024/06/316.jpg,32
7701,Papel Toalla Doble Hoja Precortada Natural x 6 Rollos de 120 Mts – Tork,6 ROLLOS,104.20,Compatible con dispensador Toalla Rollo 83160,https://daryza.com/wp-content/uploads/2024/06/7701.jpg,99
10501,3×2 Desinfectante Antibacterial Limón Daryza x Galón,UND,33.00,"Facilita la limpieza de pisos, cerámicos y todas las superficies lavables, dejando un agradable y persistente fragancia. Elaborado con amonio cuaternario. Elimina gérmenes y bacterias: Escherichia coli, Pseudomonas aeruginosa, Staphylococcus aureus y Salmonella. El agente germicida presente brinda baja toxicidad y es eco amigable, convirtiéndolo en un producto de limpieza de manejo seguro.",https://daryza.com/wp-content/uploads/2024/09/3x2-Limon.png,97
32824,Detergente Líquido para Ropa Floral Daryza x 3.8 L,3.8 L,39.90,S/ 39.90,https://daryza.com/wp-content/uploads/2023/09/32824.jpg,62
19604,Guante Profesional Daryza Calibre 25 Talla 8,UND,9.00,"Guantes hechos a base de látex natural con excelente elasticidad, ergonómicos y anatómicos, satinado con tratamiento antibacterial, halogenados para disminuir la presencia de proteínas y químicos residuales que podrían producir alergias, fácil de poner y quitar.",https://daryza.com/wp-content/uploads/2021/08/19604.jpg,38
30637,Bolsas Para Basura Negras 35 Litros Paquete x 10 Unidades,35 L,1.90,S/ 1.90,https://daryza.com/wp-content/uploads/2024/10/30637.jpg,100
33078,Tapete Para Urinario Aroma Cítrico / Daryza,UND,7.90,"Aroma de larga duración: Mantiene tus espacios frescos y agradables, proporcionando una fragancia duradera durante todo el día. Minimiza salpicaduras: Su diseño innovador minimiza las salpicaduras. Neutraliza malos olores: Fabricado con materiales de alta calidad que neutralizan olores de forma constante. Previene Atoros: Dificulta el paso de objetos no deseados, como colillas de cigarro y otros residuos, evitando atoro. Fácil instalación y mantenimiento: Ideal para entornos institucionales con alta demanda de uso.",https://daryza.com/wp-content/uploads/2024/11/33078-2.jpg,550
32169,Limpiatodo Antibacterial Lavanda Daryza x 3.8 L,3.8 L,13.50,"Puede usarlo en pisos, paredes, mesas, ventanas y todo tipo de superficies lavables.",https://daryza.com/wp-content/uploads/2024/03/32169.jpg,44
2380,Desatorador Extra Forte Daryza x 3.8 L,3.8 L,59.90,"Actúa de forma rápida. No deja residuos tóxicos. Elimina los malos olores por su naturaleza alcalina y remueve suciedades altamente difíciles. Fácilmente diluible en agua. Limpia, desengrasa y elimina restos de comida, papel, algodón, plásticos, grasa y cabellos.",https://daryza.com/wp-content/uploads/2021/04/2380.jpg,67
33794,Detergente Líquido para Ropa Floral Daryza x 4 L,4 L,40.20,S/ 40.20,https://daryza.com/wp-content/uploads/2025/02/33794.png,17
30632,Bolsas Para Basura Negras 75 Litros Paquete x 100 Unidades,75 L,39.90,S/ 39.90,https://daryza.com/wp-content/uploads/2024/10/30632.jpg,5
30184,Desinfectante DAC5 Concentrado Daryza x 5 Litros + Tapa Medidora GRATIS,5 L,53.90,S/ 53.90,https://daryza.com/wp-content/uploads/2024/09/30041.jpg,122
30627,Bolsas Para Basura Negras 240 Litros Paquete x 10 Unidades,240 L,10.90,S/ 10.90,https://daryza.com/wp-content/uploads/2024/10/30627.jpg,29
32322,Jabón Líquido Para Manos Antibacterial Frutos Rojos Daryza x 4 L,4 L,29.40,"Humedezca las manos y aplique suficiente jabón. Restregar las palmas y dorsos de las manos, entrelazar los dedos, restregar las uñas y pulgares rotándolos en las palmas durante 20 segundos. Finalmente enjuague y seque.",https://daryza.com/wp-content/uploads/2024/06/32322.jpg,269
10516,Desengrasante Forte x Galón + Esponja Poderosa Acero Inoxidable 2000 – 3M,UND,29.90,"El dúo perfecto para la limpieza de grasas, aceite de origen animal y vegetal. Remueve con facilidad la adherencia a superficies lisas y porosas, acompañada de una esponja diseñada para retirar la suciedad y la grasa de las superficies de acero inoxidable sin dañar la superficie.",https://daryza.com/wp-content/uploads/2023/08/Pack-4.png,21
10521,Lavavajilla Biodegradable Limón X Galón + Guante Profesional C-25 Talla 8,UND,29.90,"Modo de empleo Retirar residuos orgánicos en platos y menajes Incorpore un poco de agua, genere espuma y lave. Guante Profesional Industrial Calibre 25 Talla 8",https://daryza.com/wp-content/uploads/2024/09/10521.png,24
10513,Pack Dispensador Gris + Servilletas Tork,PAQ,38.50,S/ 38.50,https://daryza.com/wp-content/uploads/2022/09/PACK-TORK-GRIS.jpg,52
1202,Esponja poderosa acero inoxidable 2000 70070724235 3M,UND,5.00,"Limpia hasta 4 veces mayor y es hasta 8 veces menos abrasiva, lo cual posibilita su uso en superficies delicadas como acero inoxidable.",https://daryza.com/wp-content/uploads/2024/07/1202-web.jpg,1838
29920,Alcohol Etilico al 96° Daryza x 3.8 L,3.8 L,62.90,"Antiséptico. Limpia, desengrasa y desinfecta las superficies. Uso externo.",https://daryza.com/wp-content/uploads/2021/05/29920.jpg,56
30771,Lavavajilla Liquido Neutro Daryza x 3.8 L,3.8 L,29.90,"Modo de empleo Retirar residuos organicos en platos y menajes Aplicar una pequeña porción sobre una esponja doble uso Incorpore un poco de agua, genere espuma y lave.",https://daryza.com/wp-content/uploads/2021/04/30771-1.jpg,137
30095,Esponja Cero Rayas Scotch Brite 70007000220 3M,UND,4.30,"Aplicaciones Siempre pruebe en una zona poco visible de la superficie a limpiar antes del primer uso. Trabajos de limpieza ligero en superficies como: • Acero Inoxidable, cromo y cobre • Porcelana y cerámica Instrucciones generales de uso Se puede utilizar húmeda o seca. 1. Sujete la fibra con una mano. 2. Coloque fibra de cualquiera de los lados contra la superficie a limpiar, aplique la presión deseada y frote el área en movimiento circular. 3. Enjuague las áreas limpias con agua limpia o limpie con un paño limpio y húmedo. 4. Limpie la fibra según sea necesario después de su uso. Limpieza de almohadillas por lavaplatos 1. Rocíe o enjuague el exceso de restos de alimentos de la fibra con el rociador de platos o el grifo del fregadero. Retire los desechos de alimentos pegados, como el que",https://daryza.com/wp-content/uploads/2024/10/30095.jpg,164
33182,Desinfectante Antibacterial Manzana Daryza x 3.8 L,3.8 L,16.50,"Facilita la limpieza de pisos, cerámicos y todas las superficies lavables, dejando un agradable y persistente fragancia. Elaborado con amonio cuaternario. Elimina gérmenes y bacterias: Escherichia coli, Pseudomonas aeruginosa, Staphylococcus aureus y Salmonella. El agente germicida presente brinda baja toxicidad y es eco amigable, convirtiéndolo en un producto de limpieza de manejo seguro. Cyber Julio",https://daryza.com/wp-content/uploads/2024/06/308.jpg,61
32323,Jabón Líquido Para Manos Antibacterial Campos de Lavanda Daryza x 4 L,4 L,29.40,"Humedezca las manos y aplique suficiente jabón. Restregar las palmas y dorsos de las manos, entrelazar los dedos, restregar las uñas y pulgares rotándolos en las palmas durante 20 segundos. Finalmente enjuague y seque.",https://daryza.com/wp-content/uploads/2024/06/32323.jpg,51
33650,Acido Bio Daryza x 2000 gr,2000 G,28.90,"Excelentes características de limpieza. Seguro para la salud de los usuarios, instalaciones y medio ambiente. Sus sales resultantes son de rápido enjuague.",https://daryza.com/wp-content/uploads/2024/06/5335.jpg,147
31218,Suavizante Libre Enjuague Aroma Floral Daryza x 3.8 L,80 ML,27.90,"Lavado a mano: Disuelva 80 ml. de suavizante libre enjuague en 10 L de agua. Sumerja la ropa recién lavada en la solución por unos minutos. Finalmente exprima y ponga a secar como de costumbre. Lavado en Lavadora: Vierta el contenido en el dispensador de suavizante de su lavadora. Si no tuviera dispensador de suavizante, diluya 80 ml. en un poco de agua y agregue la solución en el último ciclo de lavado",https://daryza.com/wp-content/uploads/2024/09/31218.jpg,169
10524,Pack Lavandería Daryza,UND,69.90,Pack Daryza ideal para el lavado de ropa.,https://daryza.com/wp-content/uploads/2023/10/Pack-Lavanderia.png,49
1204,Limpiador de Acero Inoxidable Spray x 21 ONZ 61500061322 3M,UND,45.90,•Limpia y brilla en un solo paso. •No deja un acabado grasoso sobre la superficie. •Tiene fragancia agradable. •Agradable fragancia cítrica •Deja una película protectora ligera •Enmascara imperfecciones •Disminuye acumulación de suciedad •Reduce la impresión o marcas de dedos sobre las superficies limpias. •Certificación NSF® para uso en plantas procesadoras de carne y aves,https://daryza.com/wp-content/uploads/2021/12/1204_1.png,50
441,Lejía Concentrada 7.5% Daryza x 19 L,14 ML,62.90,"Instrucciones de uso: Retirar el polvo de la superficie con un paño, esparcir uniformemente la lejía sobre la superficie y dejar actuar por el lapso de 1 minuto. Luego enjuague y seque. Para limpieza y desinfección diaria de superficies: Diluya 14ml de lejía 7.5% en 986ml de agua. Para desinfección extrema: Use el producto puro y sin diluir.",https://daryza.com/wp-content/uploads/2020/07/441.jpg,24
395,Alcohol Isopropílico al 99° Daryza x 3.8 L,3.8 L,109.00,"Elimina suciedad, polvo y grasa adherida sobre las superficies. Tienen un gran poder de desinfección y es un excelente desengrasante. Es un producto que se puede diluir sin dificultad con el agua. Muy útil en el ámbito de limpieza doméstica e industrial.",https://daryza.com/wp-content/uploads/2024/06/395.jpg,84
30778,Alcohol Isopropílico al 99° Daryza x 650 ml,650 ML,19.00,"Elimina suciedad, polvo y grasa adherida sobre las superficies. Tienen un gran poder de desinfección y es un excelente desengrasante. Es un producto que se puede diluir sin dificultad con el agua. Muy útil en el ámbito de limpieza doméstica e industrial.",https://daryza.com/wp-content/uploads/2024/06/30778.png,107
4846,Pañuelo Facial Kleenex Triple Hoja / KCP 30229189,PAQ,5.60,S/ 5.60,https://daryza.com/wp-content/uploads/2024/10/4846.jpg,26
440,Lejía Concentrada 7.5% Daryza x 3.8 L,3.8 L,15.50,"Producto de naturaleza germicida de amplio espectro, elimina el 99.9% de gérmenes y bacterias: Escherichia coli, Staphylococcus aureus, Pseudomonas aerugimosa, Salmonella S.P.",https://daryza.com/wp-content/uploads/2020/07/440-1.jpg,23
1814,Recogedor de Plástico Azul – 7750160110233,UND,9.90,S/ 9.90,https://daryza.com/wp-content/uploads/2021/09/Recogedor-de-basura-azul.jpg,62
32177,Quita Sarro Daryza x 3.8 L,3.8 L,19.90,"MODO DE USO: Use guantes si se va aplicar puro. Para Pisos: Diluya el producto 1:1 y vierta uniformemente el producto con una escoba o escobilla, esparza en toda el área, deje actuar por 5 minutos, refriegue y enjuague. Griferías, bañeras y aros: Aplique el producto en una esponja o paño y frote hasta que las manchas desaparezcan. Para Baños y Urinarios: Aplique el producto a los bordes y paredes interiores con un atomizador. Deje actuar por 1 minuto y enjuague. No se recomienda aplicar sobre partes cromadas, aluminio y fierro.",https://daryza.com/wp-content/uploads/2024/11/32177.jpg,98
30494,Servilleta Plus Blanca 550 Hojas,550 HOJAS,16.20,"Su empaque y dispensador mantienen las servilletas cubiertas y gracias al sistema de dispensado una a una, el usuario solo tiene contacto con la servilleta que va a usar, conservando la higiene. Menor consumo de servilletas, gracias a su sistema de dispensado y a la calidad del producto que brinda excelente absorción y resistencia. Ideal para restaurantes con servicio a la mesa que buscan brindar bienestar a sus usuarios ofreciendo las servilletas en cada mesa. Sus dispensadores de colores Plus 500 brindan estilo, ayudando a exaltar la buena imagen del lugar.",https://daryza.com/wp-content/uploads/2024/06/30494.jpg,13
10506,Pack Lavavajilla Manzana + Desengrasante Forte,UND,50.80,S/ 59.80 El precio original era: S/59.80. S/ 50.80 El precio actual es: S/50.80.,https://daryza.com/wp-content/uploads/2024/09/120112.png,13
487,Hisopo WC Estrella Plástico con Base Blanco – 7750160418513,UND,7.90,S/ 7.90,https://daryza.com/wp-content/uploads/2021/09/Hisopo-estrella-blanco-1.jpg,93
32691,Detergente Multiusos Desengrasante sin Aroma PQP x 1 Kilo,UND,8.30,S/ 9.40 El precio original era: S/9.40. S/ 8.30 El precio actual es: S/8.30.,https://daryza.com/wp-content/uploads/2024/07/32691.jpg,19
30631,Bolsas para Basura Negras 140 Litros Paquete x 10 Unidades,140 L,6.90,S/ 6.90,https://daryza.com/wp-content/uploads/2024/10/30631.jpg,33
33669,Shampoo para Alfombras Daryza x 3.8 L,3.8 L,24.90,Formulado para una fácil aplicación de forma manual o por máquina. Despercude y elimina las manchas sin necesidad de enjuagar.,https://daryza.com/wp-content/uploads/2021/04/33669.jpg,19
31312,Servilleta Xpressnap Café Blanco 500 Hojas 200501- Familia,500 HOJAS,14.80,– Blanca – Línea Xpressnap Classic – Hoja Simple – Sistema N10 Código: 200501,https://daryza.com/wp-content/uploads/2024/06/31312.jpg,8
33097,Cloro Daryza x 3.8 L,3.8 L,15.50,S/ 15.50,https://daryza.com/wp-content/uploads/2024/09/33097.jpg,139
30705,Papel Higiénico Suave Doble Hoja X 15 MT / 30242657 KCP x 20 Uni,PAQ,27.90,S/ 27.90,https://daryza.com/wp-content/uploads/2022/07/30705.jpg,61
33184,Desinfectante Antibacterial Neutro Daryza x 3.8 L,3.8 L,16.50,"Facilita la limpieza de pisos, cerámicos y todas las superficies lavables, dejando un agradable y persistente fragancia. Elaborado con amonio cuaternario. Elimina gérmenes y bacterias: Escherichia coli, Pseudomonas aeruginosa, Staphylococcus aureus y Salmonella. El agente germicida presente brinda baja toxicidad y es eco amigable, convirtiéndolo en un producto de limpieza de manejo seguro.",https://daryza.com/wp-content/uploads/2024/10/311.jpg,109
8243,Dispensador Servilleta Gris,PAQ,23.00,Dispensador de servilleta con diseño y color que brindan estilo y buena imagen a tu negocio. Controla el consumo de servilletas gracias a su dispensado 1 a 1. Solo se toca la servilleta que se va a usar conservando una mayor higiene. * Código de Servilletas: 30493,https://daryza.com/wp-content/uploads/2024/06/8243.jpg,5
1167,Aromatizador Lavanda Spray X 360 ML – Sapolio,360 ML,7.90,S/ 7.90,https://daryza.com/wp-content/uploads/2023/05/1167.jpg,11
32448,Lavavajilla en Pasta Triple Poder Limón Daryza x 800 gr,800 G,5.90,"Modo de Uso: Aplicar una pequeña cantidad de lavavajillas en pasta sobre una esponja húmeda. Frotar los platos y utensilios para eliminar fácilmente la grasa. Luego, enjuagar con abundante agua. ** Neutraliza olores de: pescado, ajo, grasas, condimentos fuertes y olores orgánicos.",https://daryza.com/wp-content/uploads/2024/12/32448.jpg,727
10522,Lavavajilla Biodegradable Manzana X Galón + Guante Profesional C-25 Talla 8,UND,29.90,"Modo de empleo Retirar residuos orgánicos en platos y menajes Incorpore un poco de agua, genere espuma y lave. Guante Profesional Industrial Calibre 25 Talla 8",https://daryza.com/wp-content/uploads/2024/09/10522.png,26
33795,Suavizante Libre Enjuague Aroma Floral Daryza x 4 L,80 ML,29.40,"Lavado a mano: Disuelva 80 ml. de suavizante libre enjuague en 10 L de agua. Sumerja la ropa recién lavada en la solución por unos minutos. Finalmente exprima y ponga a secar como de costumbre. Lavado en Lavadora: Vierta el contenido en el dispensador de suavizante de su lavadora. Si no tuviera dispensador de suavizante, diluya 80 ml. en un poco de agua y agregue la solución en el último ciclo de lavado",https://daryza.com/wp-content/uploads/2025/02/33795.png,62
30638,Bolsas Para Basura Negras 25 Litros Paquete x 100 unidades,25 L,14.90,S/ 14.90,https://daryza.com/wp-content/uploads/2024/10/30639.jpg,43
32606,Limpiavidrios Antibacterial Brisa Daryza Gatillo x 1 L,1 L,10.90,Producto de secado rápido. Evita el opacamiento de superficies y la formación de rayas.,https://daryza.com/wp-content/uploads/2022/03/32606.jpg,78
32170,Limpiatodo Antibacterial Floral Daryza x 3.8 L,3.8 L,13.50,"Puede usarlo en pisos, paredes, mesas, ventanas y todo tipo de superficies lavables.",https://daryza.com/wp-content/uploads/2024/03/32170.jpg,48
10523,Pack Detergente Líquido Daryza 4 Lt + Suavizante Libre Enjuague Daryza 4 Lt,4 L,62.60,S/ 69.60 El precio original era: S/69.60. S/ 62.60 El precio actual es: S/62.60.,https://daryza.com/wp-content/uploads/2025/04/Pack-detergente-y-suav-daryza-4L.png,90
7727,Dispensador Toalla de Manos en Rollo Precortada (83160),UND,51.30,S/ 60.40 El precio original era: S/60.40. S/ 51.30 El precio actual es: S/51.30.,https://daryza.com/wp-content/uploads/2024/06/7727.jpg,20
19526,Papel Toalla Kleenex Suprem MF X 150 HJS / 30228378 KCP,PAQ,12.80,S/ 12.80,https://daryza.com/wp-content/uploads/2024/07/19526.jpg,50
5649,Esponja Scotch Brite para griddle N° 746 70071593647 3M,UND,5.80,"Ideal para limpieza de parrillas con grasas muy adheridas, tiene muy alto contenido de mineral abrasivo. La Fibra cuenta con certificación HACCP",https://daryza.com/wp-content/uploads/2024/07/5649w.jpg,45
10520,Lavavajilla Biodegradable Neutro X Galón + Guante Profesional C-25 Talla 8,UND,29.90,"Modo de empleo Retirar residuos orgánicos en platos y menajes Incorpore un poco de agua, genere espuma y lave. Guante Profesional Industrial Calibre 25 Talla 8",https://daryza.com/wp-content/uploads/2024/09/10520.png,17
31200,Papel Higiénico Xtra1 DH Natural x 4 rollos de 200 mts / Familia Institucional,4 ROLLOS,54.10,"Dispensa una hoja a la vez, ayudando a reducir el consumo en un 50% en comparación a un Papel Higiénico Jumbo Hoja Sencilla Tradicional.",https://daryza.com/wp-content/uploads/2024/06/31200.jpg,79
5664,Alcohol Isopropílico al 53° Daryza x 3.8 L,3.8 L,69.00,"Elimina suciedad, polvo y grasa adherida sobre las superficies. Es un producto que se puede diluir sin dificultad con el agua. Muy útil en el ámbito de limpieza doméstica e industrial.",https://daryza.com/wp-content/uploads/2024/06/5664.jpg,64
241,Cera Acrilica Daryza x 3.8 L,3.8 L,26.90,"Su base acuosa posibilita ser aplicada sobre pisos de cemento, linóleums, cerámicos, graníticos, etc. Posee un buen poder antideslizante. Se recomienda especialmente para aquellos locales con servicio de mantenimiento continuo.",https://daryza.com/wp-content/uploads/2024/10/241.jpg,103
30628,Bolsas Para Basura Negras 220 Litros Paquete x 10 Unidades,220 L,9.90,S/ 9.90,https://daryza.com/wp-content/uploads/2024/10/30628.jpg,64
30222,Trapeador de Microfibra Plana Completo – Virutex,UND,42.90,S/ 42.90,https://daryza.com/wp-content/uploads/2021/07/30222.jpg,30
19606,Guante Profesional Daryza Calibre 35 Talla 7,UND,11.30,"Guantes hechos a base de látex natural con excelente elasticidad, ergonómicos y anatómicos, satinado con tratamiento antibacterial, halogenados para disminuir la presencia de proteínas y químicos residuales que podrían producir alergias, fácil de poner y quitar.",https://daryza.com/wp-content/uploads/2023/10/19606.jpg,1910
32324,Jabón Líquido Para Manos Antibacterial Frescura Citrica Daryza x 4 L,4 L,29.40,"Humedezca las manos y aplique suficiente jabón. Restregar las palmas y dorsos de las manos, entrelazar los dedos, restregar las uñas y pulgares rotándolos en las palmas durante 20 segundos. Finalmente enjuague y seque.",https://daryza.com/wp-content/uploads/2024/10/32324.jpg,45
33098,Cloro Daryza x 19 L,19 L,62.90,S/ 62.90,https://daryza.com/wp-content/uploads/2024/06/448.jpg,76
1170,Aromatizador Potpurrí X 360 ML – Sapolio,360 ML,7.90,S/ 7.90,https://daryza.com/wp-content/uploads/2023/05/1170.jpg,60
33643,Limpia Inodoro Pino Daryza x 500 ml,500 ML,12.90,S/ 12.90,https://daryza.com/wp-content/uploads/2025/05/33643.jpg,45
301,Desengrasante Forte Daryza x 19 L,19 L,119.00,"El Desengrasante Forte Daryza tiene una fórmula eficaz que corta y elimina la grasa en todo tipo de superficies lavables. Alto poder de remoción de todo tipo de suciedad, excelente formador de espuma.",https://daryza.com/wp-content/uploads/2023/08/301.jpg,27
1756,Esponja verde original N°96 Scotch Brite 70071658986 3M,UND,4.30,"Esponja de fibras sintéticas de alta calidad. No oxidable, resistente para proporcionar durabilidad y un uso duradero.",https://daryza.com/wp-content/uploads/2024/07/1756-web.jpg,41
33704,Detergente Profesional Máximo Poder x 9Kg Sapolio,9 KG,69.70,S/ 69.70,https://daryza.com/wp-content/uploads/2023/02/33704-2.jpg,52
5330,Paño Wypall X-70 Plus Regular Rollo x 88 hojas,88 HOJAS,52.10,"Cada rollo contiene 88 hojas de 28 x 42 cm. Los paños de limpieza WypAll están hechos con materias primas de origen forestal de fuentes responsables. Ideal para tareas de remoción de grasas, ya que brindan mayor resistencia y absorción de aceites y líquidos.",https://daryza.com/wp-content/uploads/2023/09/70.png,98
1203,Esponja Borrador Azul/Blanco 70071657954 3M,UND,12.30,"Esponja borrador suave y flexible de uretano azul te permite limpiar superficies sin utilizar productos químicos adicionales como: vidrios, baldosas de cerámica, fibra de vidrio, porcelana, metal, mármol, acero inoxidable, plástico, vinilo, y la mayoría de los revestimientos de pared. El rendimiento óptimo del producto se consigue cuando se utiliza con agua.",https://daryza.com/wp-content/uploads/2024/06/1203.jpg,32
31286,Papel Toalla Blanco Doble Hoja 6 Rollos de 120 Mts – Tork,585 HOJAS,147.60,"Papel toalla blanco doble hoja, proporciona mayor absorbencia, resistencia y suavidad. Gracias a su pre-corte dispensa una a una sin necesidad de tocar el dispensador y ayuda a reducir el consumo en comparación a un papel toalla tradicional. Cada rollo proporciona 585 hojas que permiten abastecer gran número de usuarios. Equipa tus espacios (Código:5875, 30130, 30209, 8600, 7727)",https://daryza.com/wp-content/uploads/2024/11/31286.jpg,8
30900,Alcohol Gel para Manos Daryza x 4 L,4 L,46.90,Modo de empleo: Aplicar una dosis del producto sobre la palma de la mano y frotar hasta que se haya desvanecido completamente.,https://daryza.com/wp-content/uploads/2024/10/30900.jpg,71
31222,Perfumador Liquido Lavanda Daryza x 3.8 L,3.8 L,14.50,"Verter el producto en un pulverizador o atomizador, aplique en el área atomizando en el aire hasta cubrir el área en dirección de las esquinas del ambiente. A mayor dosificación, obtendrá una mayor duración y efecto residual. Para perfumar ambientes aplíquelo puro con un trapeador sobre la superficie.",https://daryza.com/wp-content/uploads/2024/06/31222.jpg,44
1837,Jabón Espuma Dermo Kleenex X 800 ML / 30228072 KCP,800 ML,43.90,Apariencia Líquido Olor Característico Color Azul PH 4.5 – 6.5 Densidad (20°C) 1.010 – 1.020 g/cm3,https://daryza.com/wp-content/uploads/2023/06/30228072.jpg,68
30630,Bolsas Para Basura Negras 140 Litros Paquete x 100 Unidades,140 L,51.90,S/ 51.90,https://daryza.com/wp-content/uploads/2024/10/30630.jpg,59
30770,Lavavajilla Liquido Limon Daryza x 1 L,1 L,11.90,"Modo de empleo Retirar residuos organicos en platos y menajes Aplicar una pequeña porción sobre una esponja doble uso Incorpore un poco de agua, genere espuma y lave.",https://daryza.com/wp-content/uploads/2021/04/30770-1.jpg,66
30899,Alcohol Gel para Manos Daryza x 1 L,1 L,14.90,Modo de empleo: Aplicar una dosis del producto sobre la palma de la mano y frotar hasta que se haya desvanecido completamente.,https://daryza.com/wp-content/uploads/2022/12/30899.jpg,41
33419,Bicarbonato De Sodio Multiusos Daryza X 500 Gr,500 G,7.90,"Multiusos: Funciona como desinfectante, desengrasante y desodorizante. No raya: Seguro para superficies delicadas como acero inoxidable. Ecológico: Alternativa libre de químicos fuertes. Eficaz: Contra manchas, grasa y malos olores.",https://daryza.com/wp-content/uploads/2025/04/33419.jpg,1858
33284,Limpiatodo Antibacterial Bebé Daryza x 3.8 L,3.8 L,13.50,"Puede usarlo en pisos, paredes, mesas, ventanas y todo tipo de superficies lavables.",https://daryza.com/wp-content/uploads/2024/03/33284.jpg,31
10539,Pack Limpiador Multipropósito Con Vinagre + Bicarbonato De Sodio Multiusos,UND,13.50,S/ 16.90 El precio original era: S/16.90. S/ 13.50 El precio actual es: S/13.50.,https://daryza.com/wp-content/uploads/2025/09/10539.jpg,12
1165,Aromatizador Jardín de Rosas Spray X 360 ML – Sapolio,360 ML,7.90,S/ 7.90,https://daryza.com/wp-content/uploads/2023/05/1165-1.jpg,28
31320,Perfumador Liquido Manzana Canela Daryza x 3.8 L,3.8 L,14.50,"Verter el producto en un pulverizador o atomizador, aplique en el área atomizando en el aire hasta cubrir el área en dirección de las esquinas del ambiente. A mayor dosificación, obtendrá una mayor duración y efecto residual. Para perfumar ambientes aplíquelo puro con un trapeador sobre la superficie.",https://daryza.com/wp-content/uploads/2024/09/31320.jpg,84
33192,Desinfectante Antibacterial Lavanda Daryza x 19 L,19 L,65.00,"Facilita la limpieza de pisos, cerámicos y todas las superficies lavables, dejando un agradable y persistente fragancia. Elaborado con amonio cuaternario. Elimina gérmenes y bacterias: Escherichia coli, Pseudomonas aeruginosa, Staphylococcus aureus y Salmonella. El agente germicida presente brinda baja toxicidad y es eco amigable, convirtiéndolo en un producto de limpieza de manejo seguro.",https://daryza.com/wp-content/uploads/2024/10/307.jpg,29
31220,Perfumador Liquido Bouquette Daryza x 3.8 L,3.8 L,14.50,"Verter el producto en un pulverizador o atomizador, aplique en el área atomizando en el aire hasta cubrir el área en dirección de las esquinas del ambiente. A mayor dosificación, obtendrá una mayor duración y efecto residual. Para perfumar ambientes aplíquelo puro con un trapeador sobre la superficie.",https://daryza.com/wp-content/uploads/2024/06/31220.jpg,79
19605,Guante Profesional Daryza Calibre 25 Talla 9,UND,9.00,"Guantes hechos a base de látex natural con excelente elasticidad, ergonómicos y anatómicos, satinado con tratamiento antibacterial, halogenados para disminuir la presencia de proteínas y químicos residuales que podrían producir alergias, fácil de poner y quitar.",https://daryza.com/wp-content/uploads/2024/11/19605.jpg,89
33185,Cera al Agua Desinfectante Neutro Daryza x 3.8 L,3.8 L,21.90,"Instrucciones de Uso: Limpie la superficie y retire el polvo o cualquier otra suciedad. Extienda la CERA AL AGUA Daryza sobre la superficie limpia, esparciendo de manera uniforme con ayuda de un paño o trapeador. Deje secar por unos minutos y luego lustre con un paño limpio y seco. Usar el producto puro (sin diluir) directamente sobre la superficie.",https://daryza.com/wp-content/uploads/2024/07/268.jpg,133
2381,Limpiador de Fragua Daryza x 3.8 L,3.8 L,26.90,Aplíquelo directamente sobre la superficie a limpiar con ayuda de un paño o pulverizador. Déjelo actuar por 8 minutos y luego enjuague.,https://daryza.com/wp-content/uploads/2024/06/2381.jpg,100
425,Shampoo para Autos Daryza x 3.8 L,50 ML,34.90,"Instrucciones de uso: Diluya 50 ml. (3 tapas del envase) en un balde de 10 L de agua, luego agite hasta formar espuma. Sumerja una esponja suave en la dilución, cuando esté totalmente mojada distribuya el excedente sobre la superficie del auto, cuando haya terminado de lavar, enjuague y seque.",https://daryza.com/wp-content/uploads/2024/06/425.jpg,8
2636,Paños Wypall X75 Plus Rollo X 60 Hojas – Kimberly Clark,60 HOJAS,38.30,Son fabricados con la tecnología POWER POCKETS* que proporciona mayor poder de limpieza en limpieza de superficies difíciles. Es un producto sostenible contemplando hasta 50% de fibras recicladas pre-consumo.,https://daryza.com/wp-content/uploads/2024/09/2636.png,7
33560,Mascarilla Blanca 3 Pliegues Descartable X 50 Und / Face Mask,50 UND,9.90,S/ 9.90,https://daryza.com/wp-content/uploads/2025/01/33560-1-1.jpg,38
33651,Limpia Mueble Daryza x 500 ml,500 ML,10.90,"Instrucciones de uso: Retire el polvo de la superficie donde se va a limpiar. Con la ayuda de un paño seco, distribuya en forma uniforme. Deje secar por unos minutos. Con otro paño seco frote la superficie. El producto es de uso directo. Ideal para cuero*, computadora (no pantalla), plásticos, vinilo, formica, cerámica, cromo y otras superficies sintéticas. *No usar sobre cuero natural, gamuzado y poroso.",https://daryza.com/wp-content/uploads/2021/05/33651.jpg,173
30023,Guantes Domesticos Talla 8 / Protexion,UND,5.20,"RECOMENDACIONES Seleccione guantes convenientes para cada uso. Limpie los guantes con jabón suave, enjuague con agua limpia y deje secar a temperatura ambiente en la sombra. Almacene los guantes en un lugar limpio, fresco, sin humedad y lejos de la luz solar directa (Temperatura inferior a 38°C).",https://daryza.com/wp-content/uploads/2023/10/30023.jpg,81
18795,Balde escurridor 17lts Azul con Mopa,17 L,35.90,"Balde de 17 lts, hecho de 100% plástico virgen, cuenta con escurridor en la parte superior del mismo plástico, resistente y práctico, está provisto de 1 pico vertedor y 2 hendiduras en el fondo. Mopa de 200gr de algodón.",https://daryza.com/wp-content/uploads/2021/06/SKU-364-Balde-Escurridor-Hude-17-Litros-Set-Tatay-1.jpg,26
299,Desengrasante Forte Daryza x 1 L,1 L,10.90,"El Desengrasante Forte Daryza tiene una fórmula eficaz que corta y elimina la grasa en todo tipo de superficies lavables. Alto poder de remoción de todo tipo de suciedad, excelente formador de espuma.",https://daryza.com/wp-content/uploads/2023/08/299.jpg,60
32171,Limpiatodo Antibacterial Brisa Daryza x 3.8 L,3.8 L,13.50,"Puede usarlo en pisos, paredes, mesas, ventanas y todo tipo de superficies lavables.",https://daryza.com/wp-content/uploads/2024/03/32171.jpg,79
5663,Alcohol Isopropílico al 53° Daryza x 1 L,1 L,19.00,"Elimina suciedad, polvo y grasa adherida sobre las superficies. Es un producto que se puede diluir sin dificultad con el agua. Muy útil en el ámbito de limpieza doméstica e industrial.",https://daryza.com/wp-content/uploads/2024/06/5663.jpg,11
31231,Perfumador Liquido Lavanda Daryza x 19 L,19 L,65.00,"Verter el producto en un pulverizador o atomizador, aplique en el área atomizando en el aire hasta cubrir el área en dirección de las esquinas del ambiente. A mayor dosificación, obtendrá una mayor duración y efecto residual. Para perfumar ambientes aplíquelo puro con un trapeador sobre la superficie.",https://daryza.com/wp-content/uploads/2024/09/31231.jpg,53
33647,Desinfectante Concentrado Pino Daryza x 19 L,19 L,65.00,"Formulado a base de tensoactivos biodegradables, humectantes, emulsificantes, aceite esencial de pino y agentes germicidas de bajo grado de toxicidad. Ideal para lugares del área industrial, doméstica, y de salud pública.",https://daryza.com/wp-content/uploads/2021/05/33647.jpg,57
33351,Limpiador de Acero Inoxidable Gatillo Daryza x 650 ml,650 ML,24.90,"Elimina grasa ligera, huellas dactilares, manchas de agua y óxido. Aspecto: Líquido Color: Incoloro Olor: Característico",https://daryza.com/wp-content/uploads/2024/05/33351-Pronto-nueva-imagen.jpg,92
3573,Gatillo y Botella para Spray 32 ONZ – Rubbermaid,UND,23.70,S/ 23.70,https://daryza.com/wp-content/uploads/2024/09/3573.jpg,63
30629,Bolsas Para Basura Negras 180 Litros Paquete x 10 Unidades,180 L,7.90,S/ 7.90,https://daryza.com/wp-content/uploads/2024/10/30629.jpg,109
10504,Master x4 Desinfectante Virucida DAC5 Concentrado x 5lt + 2 Pulverizador Natural Gratis,5 L,199.60,DAC 5 es un potente y concentrado desinfectante formulado a base de Amonio Cuaternario de Quinta Generación y Biguanidinina Polimérica los cuales ofrecen acción germicida frente a un amplio espectro de gérmenes y bacterias. No es toxico. No es corrosivo. No afecta ni daña las superficies. No requiere enjuague. Pack incluye: Master Desinfectante DAC5 Concentrado x 5lt + 2 Pulverizadores Naturales,https://daryza.com/wp-content/uploads/2024/11/DAC5-Pulv.png,10
7702,Jabón Líquido Tork 1000 ML – 80500 / Familia,1000 ML,29.70,Diseñado para dispensador Tork: 83510,https://daryza.com/wp-content/uploads/2024/06/7702.jpg,7
30042,Desinfectante DAC5 Concentrado Daryza x 1 L,1 L,12.50,DAC 5 es un potente y concentrado desinfectante formulado a base de Amonio Cuaternario de Quinta Generación y Biguanidina Polimérica los cuales ofrecen acción germicida frente a un amplio espectro de gérmenes y bacterias. No es toxico. No es corrosivo. No afecta ni daña las superficies. No requiere enjuague.,https://daryza.com/wp-content/uploads/2024/10/30042.jpg,6
7705,Jabón en Espuma Suave Tork 1000 ML – Familia (80530),1000 ML,40.30,Diseñado para dispensador Tork: 83530,https://daryza.com/wp-content/uploads/2024/06/7705.jpg,42
6273,Suma Plaq X 5 LT / R03201 Diversey,5 L,79.10,"• La acción poderosa de sus componentes alcalinos elimina incluso la suciedad muy requemada • Ideal para usar en hornos, planchas, parrillas, y la limpieza de freidoras • El pulverizador de espuma con trigger ayuda a su aplicación y reduce la formación de vapores",https://daryza.com/wp-content/uploads/2023/08/6273-SUMA-PLAQ-X-5-LT-R03201-DIVERSEY-ONU1824-C8.jpg,49
5785,Paño Wypall X80 Regular Rollo x 80 hojas,80 HOJAS,62.40,"Poseen la tecnología Power Pockets que proporciona un mayor poder de limpieza en las tareas de limpieza frente a otros paños convencionales. Contiene un aditivo que inhibe el crecimiento de microorganismos (bacterias, hongos, levaduras) en el paño y evita la generación de malos olores. Puede ser lavado en máquinas y soportan hasta 15 lavadas. Cada rollo contiene 80 hojas de 28 x 42 cm.",https://daryza.com/wp-content/uploads/2023/09/80.png,90
30790,Papel Toalla Blanco DH Continua 6 Rollos de 180 Mts – Familia Institucional,6 ROLLOS,195.90,"La unión de sus dos hojas proporciona la absorbencia, resistencia y suavidad adecuadas. Este producto lo puedes usar con el dispensador 83962.",https://daryza.com/wp-content/uploads/2024/06/30790.jpg,7
19555,Paño Wypall X80 Plus Interfoliado Azul x 30 hojas – Kimberly Clark,30 HOJAS,31.30,"Paños de limpieza Wypall X80 interfoliado, hechos de polipropileno y celulosa, poseen una excelente resistencia garantizando una alta reutilización y su uso en cualquier tipo de superficie. Gracias a que son producidos con la tecnología Hydroknit y Power Pockets, garantiza una alta absorción y los hacen superiores a otros paños convencionales y trapos. Recomendados para tareas de máxima resistencia, muy alta absorción de líquidos, aceites y remoción de grasa. Reducen el riesgo de contaminación cruzada, cuando son utilizados bajo asignación de código de colores. Cada paquete contiene 30 paños de 33.5 x 35.5 cm.",https://daryza.com/wp-content/uploads/2024/09/19555.png,19
31986,Jabón Líquido de Manos Caricias Frutales Daryza x 19 L,19 L,119.00,"INSTRUCCIONES DE USO Verter el producto en un dispensador, humedezca las manos, aplique una dosis del dispensador. Frote las manos mínimo 20 segundos, haciendo movimientos circulares, cubriendo toda la superficie de las manos. Enjuague con agua limpia, séquelas con una toalla.",https://daryza.com/wp-content/uploads/2022/06/31986.jpg,4
19457,Papel Toalla de Manos Scott Essential – Rollo 177m x 2 und.,2 UND,70.40,S/ 70.40,https://daryza.com/wp-content/uploads/2023/02/30242710-3.jpg,25
31704,Papel Higiénico Suave Premium Triple Hoja 24 Rollos X 19 Metros / KCP 30244387,24 ROLLOS,43.50,S/ 43.50,https://daryza.com/wp-content/uploads/2025/01/31704.jpg,23
8605,Papel Higienico Scott 4 Rollos X 550 Mts / 30228044 KCP,4 ROLLOS,74.90,S/ 74.90,https://daryza.com/wp-content/uploads/2024/10/7009.jpg,33
33124,Quita Sarro Daryza x 1 L,1 L,7.90,"MODO DE USO: Use guantes si se va aplicar puro. Para Pisos: Diluya el producto 1:1 y vierta uniformemente el producto con una escoba o escobilla, esparza en toda el área, deje actuar por 5 minutos, refriegue y enjuague. Griferías, bañeras y aros: Aplique el producto en una esponja o paño y frote hasta que las manchas desaparezcan. Para Baños y Urinarios: Aplique el producto a los bordes y paredes interiores con un atomizador. Deje actuar por 1 minuto y enjuague. No se recomienda aplicar sobre partes cromadas, aluminio y fierro.",https://daryza.com/wp-content/uploads/2025/05/33124.jpg,45
32666,Papel Higiénico Scott Blanco 4 rollos X 250 MTS / 30245194 KCP,4 ROLLOS,77.80,S/ 77.80,https://daryza.com/wp-content/uploads/2023/08/2458.jpg,73
32320,Jabón Líquido Para Manos Antibacterial Campos de Lavanda Daryza x 1 L,1 L,12.90,S/ 12.90,https://daryza.com/wp-content/uploads/2024/10/32320.jpg,42
1166,Aromatizador Antitabaco Spray X 360 ML – Sapolio,360 ML,7.90,S/ 7.90,https://daryza.com/wp-content/uploads/2023/05/1166.jpg,16
6602,Drax Ultra X 5LT / R03008 Diversey,5 L,100.30,"• Fórmula súper-efectiva de alta performance Remueve rápidamente la suciedad pesada depositada en las superficies logrando una higiene profunda en equipos, vajilla y utensilios • Mayor poder de limpieza con un menor costo total Alto rendimiento a bajo costo por litro diluido conservando las propiedades de limpieza y nivel de espuma requerido para un producto de uso profesional • Rinde 3 veces más que Drax Lavavajillas • Uso Profesional garantizado Aprobado por SENASA para uso en los establecimientos bajo su jurisdicción • Calidad garantizada Materia Activa aniónica: 15% P/P Sin colorante ni fragancia • Producto neutro No ataca las manos del operador ni a los materiales tratados debido a la balanceada combinación de tensioactivos de pH neutro y la calidad cosmética de su formulación. Apto p",https://daryza.com/wp-content/uploads/2023/05/6602-DRAX-ULTRA-X-5LT-R03008-DIVERSEY.jpg,12
30024,Guantes Domesticos Talla 9 / Protexion,UND,5.20,"RECOMENDACIONES Seleccione guantes convenientes para cada uso. Limpie los guantes con jabón suave, enjuague con agua limpia y deje secar a temperatura ambiente en la sombra. Almacene los guantes en un lugar limpio, fresco, sin humedad y lejos de la luz solar directa (Temperatura inferior a 38°C).",https://daryza.com/wp-content/uploads/2023/10/30023.jpg,146
33139,Desinfectante Antibacterial Concentrado Primavera Daryza X 4Lt,4 L,11.00,"Facilita la limpieza de pisos, cerámicos y todas las superficies lavables, dejando un agradable y persistente fragancia. Elaborado con amonio cuaternario. Elimina gérmenes y bacterias: Escherichia coli, Pseudomonas aeruginosa, Staphylococcus aureus y Salmonella. El agente germicida presente brinda baja toxicidad y es eco amigable, convirtiéndolo en un producto de limpieza de manejo seguro. Mailing",https://daryza.com/wp-content/uploads/2026/02/33139-Frontal.jpg,95
1754,Esponja Trabajo Pesado N°88 WT001002268 3M,UND,6.80,S/ 6.80,https://daryza.com/wp-content/uploads/2025/04/1754.jpg,44
7726,Dispensador Papel Higiénico Jumbo Xtra 1 (83700),PAQ,120.60,"Máxima Higiene, no se toca el dispensador para utilizar el papel. Resistente, dispensador antivandálico gracias a su diseño y su material. Dispensador 1 a 1 que garantiza el rendimiento del producto. Con sistema interno de ajuste para mantener el rollo en su lugar.",https://daryza.com/wp-content/uploads/2024/06/7726.jpg,11
19557,Paño Wypall X80 Plus Interfoliado Verde x 30 hojas,30 HOJAS,31.30,"Tecnología Hydroknit y Power Pockets, que garantiza una alta absorción y los hacen superiores a otros paños convencionales y trapos. Reducen el riesgo de contaminación cruzada, cuando son utilizados bajo asignación de código de colores. Cada paquete contiene 30 paños de 33.5 x 35.5 cm.",https://daryza.com/wp-content/uploads/2024/09/19557.png,29
32179,Lavavajilla Liquido Limon Daryza x 900 ml,900 ML,11.50,S/ 11.50,https://daryza.com/wp-content/uploads/2021/04/32179.jpg,100
7731,Dispensador De Jabón/Gel 1.000 ML – Tork (83510),1.000 ML,45.10,"EMPAQUE PRIMARIO Dimensiones (mm): Profundo 118, ancho 121, alto 308 Peso Bruto: 0,51 Kg Peso Neto: 0,38 Kg Volumen: 0,0044 m3",https://daryza.com/wp-content/uploads/2024/06/7731.jpg,9
32794,Silicona Auto y Tablero Fresa Daryza x 3.8 L,3.8 L,52.90,"Modo de Uso: Para una correcta desinfección aplique el producto puro, sin diluir sobre superficies limpias y secas, deje actuar por 1 minuto y prosiga. Siga las siguientes instrucciones. 1. Agite antes de utilizar. 2. Aplique por aspersión sobre la superficie a limpiar. 3. Distribuya y limpie excesos con un paño limpio y seco. 4. Repita su uso periódicamente para mantener el brillo y mayor protección. También puede usarse en vinil, plástico, caucho y cuero del hogar. Es de uso exclusivo en superficies inertes, como muebles, cojines y cocinas.",https://daryza.com/wp-content/uploads/2023/01/32794.jpg,82
30694,Lavavajilla Liquido Manzana Daryza x 1 L,1 L,11.90,"Modo de empleo Retirar residuos organicos en platos y menajes Aplicar una pequeña porción sobre una esponja doble uso Incorpore un poco de agua, genere espuma y lave.",https://daryza.com/wp-content/uploads/2021/04/30694-1.jpg,68
10526,Pack Cocina Daryza,UND,78.80,S/ 96.90 El precio original era: S/96.90. S/ 78.80 El precio actual es: S/78.80.,https://daryza.com/wp-content/uploads/2024/12/920128.png,6
19245,Papel Higiénico Scott Hiper Economico 6 Rollos X 550 Mts 30227915 KCP,6 ROLLOS,96.40,S/ 96.40,https://daryza.com/wp-content/uploads/2023/08/19245.jpg,78
19558,Paño Wypall X80 Plus Interfoliado Amarillo x 30 hojas,30 HOJAS,31.30,"Tecnología Hydroknit y Power Pockets, que garantiza una alta absorción y los hacen superiores a otros paños convencionales y trapos. Reducen el riesgo de contaminación cruzada, cuando son utilizados bajo asignación de código de colores. Cada paquete contiene 30 paños de 33.5 x 35.5 cm.",https://daryza.com/wp-content/uploads/2024/09/19558.png,21
32795,Limpia Mueble Daryza x 1 L,1 L,15.90,"Instrucciones de uso: Retire el polvo de la superficie donde se va a limpiar. Con la ayuda de un paño seco, distribuya en forma uniforme. Deje secar por unos minutos. Con otro paño seco frote la superficie. El producto es de uso directo. Ideal para cuero*, computadora (no pantalla), plásticos, vinilo, formica, cerámica, cromo y otras superficies sintéticas. *No usar sobre cuero natural, gamuzado y poroso.",https://daryza.com/wp-content/uploads/2021/05/32795.jpg,158
32319,Jabón Líquido Para Manos Antibacterial Frutos Rojos Daryza x 1 L,1 L,12.90,S/ 12.90,https://daryza.com/wp-content/uploads/2024/10/32319.jpg,59
33656,Dispensador De Plástico Para Jabón Liquido X 1000 Ml – Daryza,1000 ML,32.50,S/ 32.50,https://daryza.com/wp-content/uploads/2025/06/33656.jpg,60
32796,Silicona Auto y Tablero Fresa Daryza x 650 ml,650 ML,16.90,"Modo de Uso: Para una correcta desinfección aplique el producto puro, sin diluir sobre superficies limpias y secas, deje actuar por 1 minuto y prosiga. Siga las siguientes instrucciones. 1. Agite antes de utilizar. 2. Aplique por aspersión sobre la superficie a limpiar. 3. Distribuya y limpie excesos con un paño limpio y seco. 4. Repita su uso periódicamente para mantener el brillo y mayor protección. También puede usarse en vinil, plástico, caucho y cuero del hogar. Es de uso exclusivo en superficies inertes, como muebles, cojines y cocinas.",https://daryza.com/wp-content/uploads/2023/01/32793.jpg,60
32178,Silicona Cristal Cherry Daryza x 3.8 L,3.8 L,74.90,"INSTRUCCIONES DE USO Y MANEJO DEL PRODUCTO Limpie la superficie. Agite el producto. Aplique la Silicona Cristal par aspersion, en cantidad generosa y distribuyala uniformemente. Deje penetrar par unos segundos para obtener el brillo deseado. Apliquese con regular frecuencia para mantener el brillo y la capo protectora. Si desea un mayor brillo repita la operaci6n. Si desea retirar excesos de producto o disminuir un poco el brillo, utilice un pano seco.",https://daryza.com/wp-content/uploads/2024/09/32178.jpg,91
492,Balde Escurridor 17lts Naranja Con Mopa,17 L,35.90,"Balde de 17 lts, hecho de 100% plástico virgen, cuenta con escurridor en la parte superior del mismo plástico, resistente y práctico, está provisto de 1 pico vertedor y 2 hendiduras en el fondo. Mopa de 200gr de algodón.",https://daryza.com/wp-content/uploads/2021/07/hude-16089-de-1-2-750x1125-balde-naranja-hude.jpg,27
33693,Esponja Fibra Verde X 12 Und Daryza,12 UND,8.00,"Limpia múltiples superficies: ollas, vajillas, tableros, mesones, lavatorios, utensilios de cocina, pisos, paredes, etc.",https://daryza.com/wp-content/uploads/2025/07/33693.jpg,62
32184,Jabón Líquido Para Manos Antibacterial Frescura Citrica Daryza x 400 ml,400 ML,6.90,"Humedezca las manos y aplique suficiente jabón. Restregar las palmas y dorsos de las manos, entrelazar los dedos, restregar las uñas y pulgares rotándolos en las palmas durante 20 segundos. Finalmente enjuague y seque.",https://daryza.com/wp-content/uploads/2024/10/32184.jpg,109
32183,Jabón Líquido Para Manos Antibacterial Campos de Lavanda Daryza x 400 ml,400 ML,6.90,"Humedezca las manos y aplique suficiente jabón. Restregar las palmas y dorsos de las manos, entrelazar los dedos, restregar las uñas y pulgares rotándolos en las palmas durante 20 segundos. Finalmente enjuague y seque.",https://daryza.com/wp-content/uploads/2024/10/32183.jpg,110
10528,Pack Hogar Daryza,UND,117.10,S/ 117.10,https://daryza.com/wp-content/uploads/2024/12/10528.jpg,16
32182,Jabón Líquido Para Manos Antibacterial Frutos Rojos Daryza x 400 ml,400 ML,6.90,"Humedezca las manos y aplique suficiente jabón. Restregar las palmas y dorsos de las manos, entrelazar los dedos, restregar las uñas y pulgares rotándolos en las palmas durante 20 segundos. Finalmente enjuague y seque.",https://daryza.com/wp-content/uploads/2024/10/32182.jpg,112
33705,Lejía 4% Daryza X 5Kg,250 ML,11.70,INSRUCCIONES DE USO Y MANEJO DEL PRODUCTO Como primer paso debe eliminar toda partícula de polvo y suciedad que se encuentra en la superficie que se va a desinfectar. Diluya 250ml de lejía al 4% en 5 litros de agua. Aplique la dilución sobre la superficie a desinfectar. Extienda el producto con la ayuda de un trapeador o paño. Dejar actuar por 5 minutos.,https://daryza.com/wp-content/uploads/2026/01/33705.jpg,49
10543,Pack Limpieza Total,UND,51.20,S/ 60.10 El precio original era: S/60.10. S/ 51.20 El precio actual es: S/51.20.,https://daryza.com/wp-content/uploads/2025/11/10543.jpg,69
10537,Dispensador De Plástico X 1000 Ml + Jabón Liquido Caricias Frutales Daryza X 3.8 L,1000 ML,50.40,S/ 57.40 El precio original era: S/57.40. S/ 50.40 El precio actual es: S/50.40.,https://daryza.com/wp-content/uploads/2025/07/10537.jpg,69
5742,Esponja Manual Guinda N° 7447 WV000003239 3M,UND,8.70,S/ 8.70,https://daryza.com/wp-content/uploads/2023/06/5742.jpg,81
31188,Gel Sanitizante Tork X 1000 ML – Familia (80107),1000 ML,34.80,– Aroma Fresco – Línea Elevation – Calidad Premium – Sistema S11 NSOC11712-22CO,https://daryza.com/wp-content/uploads/2024/06/31188.jpg,21
6100,Suma D44 X 5 LT / R03500 Diversey,5 L,64.80,"• Asegura la desinfección de todo tipo de frutas, verduras y superficies contra virus y bacterias • Efectivo en todo tipo de aguas • No tiñe las verduras",https://daryza.com/wp-content/uploads/2023/05/6100-SUMA-D44-X-5-LT-R03500-DIVERSEY-ONU1719-C8.jpg,5
32696,2 Paquetes Papel Toalla Precortada 4 rollos X 200 MTS + Dispensador Papel Toalla KCP GRATIS,4 ROLLOS,211.80,S/ 320.00 El precio original era: S/320.00. S/ 211.80 El precio actual es: S/211.80.,https://daryza.com/wp-content/uploads/2025/05/32696.jpg,90
7736,Dispensador De Jabón Espuma 1.000 ML – Tork (83530),1.000 ML,51.80,"EMPAQUE PRIMARIO Dimensiones (mm): Profundo 118, ancho 121, alto 303. Peso Bruto: 0,49 Kg. Peso Neto: 0,36 Kg/Volumen: 0,0043 m3",https://daryza.com/wp-content/uploads/2024/06/7736.jpg,20
19404,Papel Toalla Scott Airflex X 4 Rollos de 200 MTS 30228197 KCP,4 ROLLOS,122.80,S/ 122.80,https://daryza.com/wp-content/uploads/2023/06/19404-1.jpg,7
33136,Papel Higiénico Scott 6 Rollos X 550 Mts 30246070 KCP,6 ROLLOS,80.20,S/ 80.20,https://daryza.com/wp-content/uploads/2025/10/33136.jpg,46
5757,Forward DC X 5 LT / R02156 Diversey,5 L,96.50,"• Limpia, desinfecta y desodoriza en una sola operación • Alto poder de limpieza • Acción bactericida, fungicida y virucida • Agradable aroma • Forward DC no produce vapores irritantes o molestos",https://daryza.com/wp-content/uploads/2023/05/5757-FORWARD-DC-X-5-LT-R02156-DIVERSEY-ONU3082-C9-1.jpg,6
32443,Lavavajilla en Pasta Triple Poder Limón Max de Daryza x 400 gr,400 G,3.70,"Modo de Uso: Aplicar una pequeña cantidad de lavavajillas en pasta sobre una esponja húmeda. Frotar los platos y utensilios para eliminar fácilmente la grasa. Luego, enjuagar con abundante agua. ** Neutraliza olores de: pescado, ajo, grasas, condimentos fuertes y olores orgánicos.",https://daryza.com/wp-content/uploads/2024/12/32443.jpg,77
31304,Trapeador Mecha Continua Rojo 450Gr Daryza,450 G,14.30,S/ 14.30,https://daryza.com/wp-content/uploads/2025/03/31304.jpg,
33695,Limpiador Multipropósito Con Vinagre Daryza Gatillo X 650 Ml,650 ML,9.00,S/ 9.00,https://daryza.com/wp-content/uploads/2025/09/33695.jpg,44
33694,Esponja Fibra Verde Daryza,UND,0.70,"Limpia múltiples superficies: ollas, vajillas, tableros, mesones, lavatorios, utensilios de cocina, pisos, paredes, etc.",https://daryza.com/wp-content/uploads/2025/07/33694.jpg,79
33648,Silicona Cristal Cherry Daryza x 900 Ml,900 ML,23.80,"INSTRUCCIONES DE USO Y MANEJO DEL PRODUCTO Limpie la superficie. Agite el producto. Aplique la Silicona Cristal par aspersion, en cantidad generosa y distribuyala uniformemente. Deje penetrar par unos segundos para obtener el brillo deseado. Apliquese con regular frecuencia para mantener el brillo y la capo protectora. Si desea un mayor brillo repita la operaci6n. Si desea retirar excesos de producto o disminuir un poco el brillo, utilice un pano seco.",https://daryza.com/wp-content/uploads/2025/05/33648.jpg,79
40007,Papel Toalla Scott Precortada X 2 Rollos de 200 MTS 30247520 KCP,2 ROLLOS,52.90,S/ 52.90,https://daryza.com/wp-content/uploads/2025/03/40007.jpg,47
435,Silicona para Llantas Daryza x 3.8 L,3.8 L,49.90,"Instrucciones de uso: Limpie la superficie de polvo e impurezas con ayuda de un paño, sacudidor o esponja. Vierta en un pulverizador la SILICONA PARA LLANTAS Daryza. Aplique el producto: rocíe sobre la superficie a limpiar. Distribuir uniformemente, deja secar por unos minutos. Pase un paño o franela seca, para el acabado final.",https://daryza.com/wp-content/uploads/2024/06/435.jpg,32
30562,Dispensador de Papel Toalla Precortada 30229410 KCP,PAQ,108.20,S/ 108.20,https://daryza.com/wp-content/uploads/2025/03/30562.jpg,21
31229,Perfumador Liquido Bouquette Daryza x 19 L,19 L,65.00,"Verter el producto en un pulverizador o atomizador, aplique en el área atomizando en el aire hasta cubrir el área en dirección de las esquinas del ambiente. A mayor dosificación, obtendrá una mayor duración y efecto residual. Para perfumar ambientes aplíquelo puro con un trapeador sobre la superficie.",https://daryza.com/wp-content/uploads/2024/09/31229.jpg,42
10538,Dispensador De Plástico X 1000 Ml + Lavavajilla Manzana Daryza X 3.8 L + Esponja Doble Uso 3M,1000 ML,56.10,S/ 66.00 El precio original era: S/66.00. S/ 56.10 El precio actual es: S/56.10.,https://daryza.com/wp-content/uploads/2025/07/10538-1.jpg,82
8039,Dispensador de Papel Toalla MOD 30217684 KCP,PAQ,292.90,S/ 292.90,https://daryza.com/wp-content/uploads/2024/10/8039.jpg,93
270,Cera al Agua Desinfectante Neutro Daryza x 19 L,19 L,79.90,"Instrucciones de Uso: Limpie la superficie y retire el polvo o cualquier otra suciedad. Extienda la CERA AL AGUA Daryza sobre la superficie limpia, esparciendo de manera uniforme con ayuda de un paño o trapeador. Deje secar por unos minutos y luego lustre con un paño limpio y seco. Usar el producto puro (sin diluir) directamente sobre la superficie.",https://daryza.com/wp-content/uploads/2024/07/270.jpg,43
32180,Lavavajilla Liquido Manzana Daryza x 900 ml,900 ML,11.50,S/ 11.50,https://daryza.com/wp-content/uploads/2021/04/32180.jpg,34
32668,Esponja poderosa 2000 X 3 UND / WT001002102 / 3M,3 UND,9.90,"Limpia hasta 4 veces mayor y es hasta 8 veces menos abrasiva, lo cual posibilita su uso en superficies delicadas como acero inoxidable.",https://daryza.com/wp-content/uploads/2026/01/32668.png,25
32172,Limpiatodo Antibacterial Lavanda Daryza x 900 ml,900 ML,3.70,"Perfuma, desinfecta y limpia. Puede usarlo en pisos, paredes, mesas, ventanas y todo tipo de superficies lavables.",https://daryza.com/wp-content/uploads/2024/03/32172.jpg,76
33801,Papel Toalla Jumbo Económico Blanco 2 rollos x 200 Mts.,2 ROLLOS,33.70,La toalla en rollo Tork está diseñada para mejorar la higiene en lugares de medio y alto trafico y su empaque te ayuda a reducir el espacio de almacenamiento.,https://daryza.com/wp-content/uploads/2026/02/33801.jpg,37
7706,Jabón Espuma Antibacterial 1000 ML / Tork (80541),1000 ML,56.20,S/ 66.10 El precio original era: S/66.10. S/ 56.20 El precio actual es: S/56.20.,https://daryza.com/wp-content/uploads/2024/07/7706.jpg,87
8042,Dispensador de Papel Higiénico MOD 30217689 KCP,PAQ,67.60,S/ 67.60,https://daryza.com/wp-content/uploads/2024/10/8042.jpg,97
19556,Paño Wypall X80 Plus Interfoliado Rojo x 30 hojas,30 HOJAS,31.30,"Tecnología Hydroknit y Power Pockets, que garantiza una alta absorción y los hacen superiores a otros paños convencionales y trapos. Reducen el riesgo de contaminación cruzada, cuando son utilizados bajo asignación de código de colores. Cada paquete contiene 30 paños de 33.5 x 35.5 cm.",https://daryza.com/wp-content/uploads/2024/09/19556.png,20
594,Pad Azul / Verde X 18″ 61500044765 3M,UND,48.60,"El producto esta constituido por fibras de nylon y poliéster y adhesivos sintéticos y no es afectado significativamente por el agua, los detergentes y/o los limpiadores utilizados normalmente para el mantenimiento de los pisos. Las partículas abrasivas son una mezcla de materiales sintéticos y naturales. Este producto es reversible; su espesor nominal es de 1″.",https://daryza.com/wp-content/uploads/2023/06/594.jpg,19
1941,Balde Exprimidor 25 LT Amarillo FG748000YEL – Rubbermaid,25 L,437.20,"80 % MENOS DE SALPICADURAS: los deflectores WaveBrake moldeados interrumpen la formación de olas y reducen las salpicaduras hasta en un 80 % en comparación con los principales competidores. *en comparación con el balde para trapeador y escurridor de un solo compartimento de 35 qt de EE. UU. de la competencia, sin incluir el balde divisor ni los accesorios. GARANTÍA DE ESCURRIDOR DE 5 AÑOS Los escurridores de presión lateral y presión descendente están diseñados para durar 5 años o 200.000 ciclos. ESCURRIDOR Asa integrada en el escurridor para una fácil instalación y extracción. La base del escurridor está diseñada para permanecer erguida cuando se retira, para minimizar la flexión mientras se vacía la cubeta.",https://daryza.com/wp-content/uploads/2024/09/1941.png,6
578,Pad Blanco X 18″ 61500045119 3M,UND,48.60,"El producto está constituido por fibras de poliéster y adhesivos sintéticos y no es afectado significativamente por el agua, los detergentes y/o los limpiadores utilizados normalmente para el mantenimiento de los pisos. Las partículas abrillantadoras son materiales naturales. Este producto es reversible, su espesos nominal es de 1″.",https://daryza.com/wp-content/uploads/2023/06/578.jpg,15
31317,Dispensador Xpressnap Café 200188 – Familia,PAQ,62.60,Asegura que las servilletas siempre estén a la mano manteniendo un servicio ágil con el dispensador Xpressnap Café. El dispensador de una servilleta a la vez reduce el uso de servilletas en al menos un 25% garantizado* vs servilleteros tradicionales.,https://daryza.com/wp-content/uploads/2024/04/31317.jpg,11
31308,Carro De Limpieza Tradicional C/Bolsa y Tapa – Daryza,UND,423.50,S/ 423.50,https://daryza.com/wp-content/uploads/2024/01/31308.jpg,19
31309,Carro De Servicio De Tres Niveles Con Ruedas Giratorias – Daryza,UND,556.50,S/ 556.50,https://daryza.com/wp-content/uploads/2024/01/31309.jpg,11
591,Pad Rojo X 20″ 61500035946 3M,UND,51.40,"El producto esta constituido por fibras de poliéster y adhesivos sintéticos y no es afectado significativamente por el agua, los detergentes y/o los limpiadores utilizados normalmente para el mantenimiento de los pisos. Las partículas abrillantadoras son materiales naturales. Este producto es reversible; su espesor nominal es de 1″.",https://daryza.com/wp-content/uploads/2023/08/591.jpg,11
8045,Dispensador de Jabón en Spray x 800ML MOD 30217696 KCP,800 ML,89.30,S/ 89.30,https://daryza.com/wp-content/uploads/2025/01/8045.jpg,10
1962,Trapeador De Mezcla Super Stitch Mediano Azul FGD21206BL00 Rubbermaid,UND,45.50,Peso: 450 gramos Rinde hasta 50 lavadas,https://daryza.com/wp-content/uploads/2024/07/1962.jpg,12
5795,Alpha HP X 1.5 LT -5549254 / 100917772 Diversey,1.5 L,177.30,"• Elimina el 99,999% de bacterias, virus y hongos tales como Staphylococcus aureus, Pseudomonas aeruginosa, Salmonella Cholerasuiss, Escherichia coli, etc. • Elimina sarro y óxido con el uso prolongado y la acción de sus ácidos seleccionados. • Usado regularmente previene la formación de hongos en juntas y azulejos. • Excelente limpiador de alfombras, recomendado hasta para tejidos de lana. • El poder del oxígeno mantiene el blanco de paños, mopas y superficies. • Nuevo cabezal J-Flex que permite 3 diluciones para optimizar el uso según la superficie a limpiar y su grado de suciedad. • Ahorro de costos operativos. • Producto ecológico con sello Green Seal.",https://daryza.com/wp-content/uploads/2023/05/5795-ALPHA-HP-MSDC-X-1.5-LT-5549254-100917772-DIVERSEY.jpg,12
7530,Pack Balde Exprimidor 33.1 Lt Amarillo y accesorio – Rubbermaid,33.1 L,733.50,"80 % MENOS DE SALPICADURAS: los deflectores WaveBrake moldeados interrumpen la formación de olas y reducen las salpicaduras hasta en un 80 % en comparación con los principales competidores. *en comparación con el balde para trapeador y escurridor de un solo compartimento de 35 qt de EE. UU. de la competencia, sin incluir el balde divisor ni los accesorios. GARANTÍA DE ESCURRIDOR DE 5 AÑOS Los escurridores de presión lateral y presión descendente están diseñados para durar 5 años o 200.000 ciclos. ESCURRIDOR Asa integrada en el escurridor para una fácil instalación y extracción. La base del escurridor está diseñada para permanecer erguida cuando se retira, para minimizar la flexión mientras se vacía la cubeta.",https://daryza.com/wp-content/uploads/2024/09/1941.png,7
10540,DARYPACK,UND,99.00,S/ 126.10 El precio original era: S/126.10. S/ 99.00 El precio actual es: S/99.00.,https://daryza.com/wp-content/uploads/2025/10/10540.jpg,98
32173,Limpiatodo Antibacterial Floral Daryza x 900 ml,900 ML,3.70,"Puede usarlo en pisos, paredes, mesas, ventanas y todo tipo de superficies lavables.",https://daryza.com/wp-content/uploads/2024/03/32173.jpg,83
1838,Jabon Spray Scott X 800 ML / 30228094 KCP,800 ML,44.10,S/ 44.10,https://daryza.com/wp-content/uploads/2023/06/30228094.jpg,46
1957,Silla De Bebé Sin Ruedas Platino FG781408PLAT – Rubbermaid,UND,876.10,S/ 876.10,https://daryza.com/wp-content/uploads/2023/08/Silla-de-bebe.png,28
10519,Pack x 6 Detergentes Multiusos Desengrasante PQP x 1 Kilo + 2 Guantes Profesional Calibre 35 Talla 7,UND,59.80,S/ 78.40 El precio original era: S/78.40. S/ 59.80 El precio actual es: S/59.80.,https://daryza.com/wp-content/uploads/2024/07/Pqp-y-guantes.png,114
32174,Limpiatodo Antibacterial Brisa Daryza x 900 ml,900 ML,3.70,"Puede usarlo en pisos, paredes, mesas, ventanas y todo tipo de superficies lavables.",https://daryza.com/wp-content/uploads/2024/03/32174.jpg,84
590,Pad Rojo X 18″ 61500044955 3M,UND,48.60,"El producto esta constituido por fibras de poliéster y adhesivos sintéticos y no es afectado significativamente por el agua, los detergentes y/o los limpiadores utilizados normalmente para el mantenimiento de los pisos. Las partículas abrillantadoras son materiales naturales. Este producto es reversible; su espesor nominal es de 1″.",https://daryza.com/wp-content/uploads/2023/06/589.jpg,10
1943,Cambiador De Bebé Horizontal Color Platino FG781888LPLAT – Rubbermaid,UND,1.00,"Cumple con todos los estándares de seguridad globales ASTM, ADA, EN. Ganchos de fácil acceso Protección antimicrobiana",https://daryza.com/wp-content/uploads/2023/08/Cambiador.png,10
33283,Limpiatodo Antibacterial Bebé Daryza x 900 ml,900 ML,3.70,"Perfuma, desinfecta y limpia. Puede usarlo en pisos, paredes, mesas, ventanas y todo tipo de superficies lavables.",https://daryza.com/wp-content/uploads/2025/02/33283-1.jpg,80
583,Pad Marrón X 20″ 61500044609 3M,UND,51.40,"El producto esta constituido por fibras de nylon y poliéster y adhesivos sintéticos y no es afectado significativamente por el agua, los detergentes y/o los limpiadores utilizados normalmente para el mantenimiento de los pisos. Las partículas abrasivas son una mezcla de materiales sintéticos y naturales. Este producto es reversible; su espesor nominal es de 1″.",https://daryza.com/wp-content/uploads/2023/08/583.jpg,15
31307,Balde Exprimidor 33 LT Amarillo – Daryza,33 L,263.30,S/ 263.30,https://daryza.com/wp-content/uploads/2024/01/31307.jpg,6
10518,Pack XpressNap Tork,UND,91.00,S/ 91.00,https://daryza.com/wp-content/uploads/2025/11/10518.jpg,96
579,Pad Blanco X 20″ 61500035961 3M,UND,51.40,"El producto está constituido por fibras de poliéster y adhesivos sintéticos y no es afectado significativamente por el agua, los detergentes y/o los limpiadores utilizados normalmente para el mantenimiento de los pisos. Las partículas abrillantadoras son materiales naturales. Este producto es reversible, su espesos nominal es de 1″.",https://daryza.com/wp-content/uploads/2023/08/579.jpg,18
1912,Recogedor Lobby Con Tapa FG253200BLA – Rubbermaid,UND,202.40,S/ 202.40,https://daryza.com/wp-content/uploads/2023/01/1912.jpg,8
1935,Carro de Limpieza Negro con bolsa Amarilla FG617388BLA – Rubbermaid,UND,1.00,"Características y Beneficios: Ligero y maniobrable para una variedad de soluciones de limpieza La bolsa con cremallera de acceso frontal permite al usuario retirar fácilmente los desechos recolectados sin necesidad de levantar la parte superior La superficie resistente al agua y a los productos químicos brinda un fácil mantenimiento y una buena apariencia duradera 11 ganchos para herramientas hacen espacio para todas sus necesidades de limpieza, como escobas, trapeadores, recogedores, plumeros y letreros de seguridad Las ruedas de 8″ que no dejan marcas y las ruedas giratorias de 4″ brindan una maniobrabilidad suave",https://daryza.com/wp-content/uploads/2022/11/1935.jpg,
1942,Balde Exprimidor 33.1 Lt Amarillo FG758088YEL – Rubbermaid,33.1 L,596.90,"80 % MENOS DE SALPICADURAS: los deflectores WaveBrake moldeados interrumpen la formación de olas y reducen las salpicaduras hasta en un 80 % en comparación con los principales competidores. *en comparación con el balde para trapeador y escurridor de un solo compartimento de 35 qt de EE. UU. de la competencia, sin incluir el balde divisor ni los accesorios. GARANTÍA DE ESCURRIDOR DE 5 AÑOS Los escurridores de presión lateral y presión descendente están diseñados para durar 5 años o 200.000 ciclos. ESCURRIDOR Asa integrada en el escurridor para una fácil instalación y extracción. La base del escurridor está diseñada para permanecer erguida cuando se retira, para minimizar la flexión mientras se vacía la cubeta.",https://daryza.com/wp-content/uploads/2022/11/1942.jpg,8
10544,Pack Verano,UND,108.90,S/ 133.00 El precio original era: S/133.00. S/ 108.90 El precio actual es: S/108.90.,https://daryza.com/wp-content/uploads/2026/01/10545.jpg,49
595,Pad Azul / Verde X 20″ 61500044781 3M,UND,51.40,"El producto esta constituido por fibras de nylon y poliéster y adhesivos sintéticos y no es afectado significativamente por el agua, los detergentes y/o los limpiadores utilizados normalmente para el mantenimiento de los pisos. Las partículas abrasivas son una mezcla de materiales sintéticos y naturales. Este producto es reversible; su espesor nominal es de 1″.",https://daryza.com/wp-content/uploads/2023/08/595.jpg,29
33143,Desinfectante Antibacterial Concentrado Primavera Daryza X 20 L,20 L,30.70,"Facilita la limpieza de pisos, cerámicos y todas las superficies lavables, dejando un agradable y persistente fragancia. Elaborado con amonio cuaternario. Elimina gérmenes y bacterias: Escherichia coli, Pseudomonas aeruginosa, Staphylococcus aureus y Salmonella. El agente germicida presente brinda baja toxicidad y es eco amigable, convirtiéndolo en un producto de limpieza de manejo seguro.",https://daryza.com/wp-content/uploads/2026/03/33143-Frontal.jpg,100
1930,Carro De Servicio 3 Niveles Color Negro / FG409100BLA – Rubbermaid,2 KG,1.00,"-Ruedas giratorias de 10.2 cm que no marcan el piso -Estantes amplios para equipos y suministros, hasta 136.2 kg",https://daryza.com/wp-content/uploads/2023/08/Carro-3-niveles.png,30
